Wall time,Step,Value
1553722323.9380424,0,0.6805111765861511
1553722436.9416568,1,0.7144568562507629
1553722547.9157982,2,0.740015983581543
1553722677.8776844,3,0.7496006488800049
1553722792.199541,4,0.7615814805030823
1553722907.9809268,5,0.7763578295707703
1553723022.5674334,6,0.784744381904602
1553723138.2644787,7,0.7891373634338379
1553723253.3154628,8,0.7915335297584534
1553723368.3793225,9,0.7891373634338379
1553723482.5623631,10,0.7935303449630737
1553723598.940801,11,0.8015175461769104
1553723712.418235,12,0.8063098788261414
1553723826.2649212,13,0.8130990266799927
1553723941.636917,14,0.819888174533844
1553724054.194518,15,0.8214856386184692
1553724169.3147936,16,0.819888174533844
1553724284.2034245,17,0.8222843408584595
1553724398.8367066,18,0.8234824538230896
1553724512.9102058,19,0.8230830430984497
