Wall time,Step,Value
1553722323.9380276,0,0.6509639024734497
1553722436.941642,1,0.7207711338996887
1553722547.9157827,2,0.739116907119751
1553722677.8776689,3,0.7619714140892029
1553722792.1995258,4,0.7842040061950684
1553722907.980912,5,0.7929104566574097
1553723022.5674179,6,0.80892413854599
1553723138.2644622,7,0.8145211338996887
1553723253.315448,8,0.8250932693481445
1553723368.379307,9,0.8319340944290161
1553723482.5623477,10,0.840018630027771
1553723598.9407854,11,0.8479477763175964
1553723712.4182193,12,0.8523010015487671
1553723826.2649062,13,0.856965184211731
1553723941.636886,14,0.8669154047966003
1553724054.194503,15,0.8669154047966003
1553724169.3147771,16,0.8739116787910461
1553724284.2034092,17,0.8791977763175964
1553724398.8366914,18,0.8804415464401245
1553724512.9101903,19,0.8830845952033997
